{
    "observation.state": {
        "min": [
            1.5452065467834473,
            -1.5995324850082397,
            1.5113310813903809,
            -1.6406745910644531,
            -1.6250276565551758,
            -3.2010107040405273,
            1.5452065467834473,
            -1.5995324850082397,
            1.5113310813903809,
            -1.6406745910644531,
            -1.6250276565551758,
            -3.2010107040405273
        ],
        "max": [
            1.5996606349945068,
            -1.5368067026138306,
            1.6244349479675293,
            -1.510551929473877,
            -1.5241323709487915,
            -3.0890021324157715,
            1.5996606349945068,
            -1.5368067026138306,
            1.6244349479675293,
            -1.510551929473877,
            -1.5241323709487915,
            -3.0890021324157715
        ],
        "mean": [
            1.580256462097168,
            -1.5649549961090088,
            1.5728650093078613,
            -1.5707697868347168,
            -1.5718428492546082,
            -3.1399495601654053,
            1.580256462097168,
            -1.5649549961090088,
            1.5728650093078613,
            -1.5707697868347168,
            -1.5718428492546082,
            -3.1399495601654053
        ],
        "std": [
            0.017962053287859173,
            0.012683114804403829,
            0.025655350783499606,
            0.024885306333072146,
            0.02424025093792628,
            0.024312811275294884,
            0.017962053287859173,
            0.012683114804403829,
            0.025655350783499606,
            0.024885306333072146,
            0.02424025093792628,
            0.024312811275294884
        ],
        "count": [
            200
        ],
        "q01": [
            1.5462369321776794,
            -1.5994847417877747,
            1.514760970969336,
            -1.631578803162439,
            -1.6234374643372131,
            -3.1999024153755737,
            1.5462369321776794,
            -1.5994847417877747,
            1.514760970969336,
            -1.631578803162439,
            -1.6234374643372131,
            -3.1999024153755737
        ],
        "q10": [
            1.5537669666531357,
            -1.5808842855463663,
            1.5393254042072027,
            -1.6048649905274937,
            -1.6029392031049725,
            -3.1736401004838024,
            1.5537669666531357,
            -1.5808842855463663,
            1.5393254042072027,
            -1.6048649905274937,
            -1.6029392031049725,
            -3.1736401004838024
        ],
        "q50": [
            1.58086950009703,
            -1.5663240557192966,
            1.5725179930263715,
            -1.5676766176605392,
            -1.5726891414113697,
            -3.141280003875295,
            1.58086950009703,
            -1.5663240557192966,
            1.5725179930263715,
            -1.5676766176605392,
            -1.5726891414113697,
            -3.141280003875295
        ],
        "q90": [
            1.5961121940920144,
            -1.5488288771159953,
            1.6071068578925856,
            -1.5409579769773214,
            -1.5387849788747636,
            -3.107323791722529,
            1.5961121940920144,
            -1.5488288771159953,
            1.6071068578925856,
            -1.5409579769773214,
            -1.5387849788747636,
            -3.107323791722529
        ],
        "q99": [
            1.598265977147434,
            -1.5421351100944503,
            1.6219210038664083,
            -1.5204149053378864,
            -1.527062757595541,
            -3.090639691636574,
            1.598265977147434,
            -1.5421351100944503,
            1.6219210038664083,
            -1.5204149053378864,
            -1.527062757595541,
            -3.090639691636574
        ]
    },
    "action": {
        "min": [
            1.473464012145996,
            -1.6710503101348877,
            1.4730371236801147,
            -1.670324444770813,
            -1.6698225736618042,
            -3.2406044006347656
        ],
        "max": [
            1.6733170747756958,
            -1.4729448556900024,
            1.6714473962783813,
            -1.4712653160095215,
            -1.4719173908233643,
            -3.0417325496673584
        ],
        "mean": [
            1.5756324529647827,
            -1.5690701603889465,
            1.5687392950057983,
            -1.5712814927101135,
            -1.571142315864563,
            -3.139511823654175
        ],
        "std": [
            0.05659189602870541,
            0.05514461333304337,
            0.056941974967384616,
            0.05865307589351593,
            0.05882387462905711,
            0.056429417675108715
        ],
        "count": [
            200
        ],
        "q01": [
            1.474561631579535,
            -1.6681573988007141,
            1.4734299181891846,
            -1.6702166200684143,
            -1.6688684226082398,
            -3.2403643132256104
        ],
        "q10": [
            1.4978939751217688,
            -1.646180499547854,
            1.49096939141875,
            -1.6568984755902216,
            -1.6546996623535417,
            -3.2172855309776356
        ],
        "q50": [
            1.5776460831204315,
            -1.5715930443536115,
            1.5631089354186656,
            -1.5656607635897881,
            -1.5752159993922947,
            -3.1393014070966503
        ],
        "q90": [
            1.650013655226777,
            -1.4937177300262232,
            1.6459508812940504,
            -1.4943265569353925,
            -1.4925678062334822,
            -3.063193435756858
        ],
        "q99": [
            1.6721871606745902,
            -1.4747051677675131,
            1.6699430023234285,
            -1.4789445181355654,
            -1.4768709461661471,
            -3.0435639767612463
        ]
    },
    "index": {
        "min": [
            0
        ],
        "max": [
            199
        ],
        "mean": [
            99.5
        ],
        "std": [
            57.73430522661548
        ],
        "count": [
            200
        ],
        "q01": [
            49.99999999989999
        ],
        "q10": [
            59.008999999918196
        ],
        "q50": [
            99.004999999999
        ],
        "q90": [
            139.0010000000798
        ],
        "q99": [
            148.01000000009802
        ]
    },
    "episode_index": {
        "min": [
            0
        ],
        "max": [
            1
        ],
        "mean": [
            0.5
        ],
        "std": [
            0.5
        ],
        "count": [
            200
        ],
        "q01": [
            0.5000000000000004
        ],
        "q10": [
            0.500000000000004
        ],
        "q50": [
            0.50000000000002
        ],
        "q90": [
            0.500000000000036
        ],
        "q99": [
            0.5000000000000395
        ]
    },
    "timestamp": {
        "min": [
            0.0
        ],
        "max": [
            33.0
        ],
        "mean": [
            16.5
        ],
        "std": [
            9.622023349240703
        ],
        "count": [
            200
        ],
        "q01": [
            -1e-10
        ],
        "q10": [
            3.0029999999182
        ],
        "q50": [
            16.334999999999003
        ],
        "q90": [
            29.667000000079806
        ],
        "q99": [
            32.670000000098
        ]
    },
    "frame_index": {
        "min": [
            0
        ],
        "max": [
            99
        ],
        "mean": [
            49.5
        ],
        "std": [
            28.86607004772212
        ],
        "count": [
            200
        ],
        "q01": [
            -1e-10
        ],
        "q10": [
            9.0089999999182
        ],
        "q50": [
            49.004999999999
        ],