{
    "id": "Image2Tabletop-1779962412-v0",
    "max_episodes": 10,
    "max_episode_steps": 300,
    "env": {
        "events": {},
        "observations": {},
        "dataset": {}
    },
    "robot": {},
    "sensor": [],
    "light": {},
    "background": [
        {
            "uid": "table",
            "shape": {
                "shape_type": "Mesh",
                "fpath": "mesh_assets/table/table_1.glb",
                "compute_uv": false
            },
            "attrs": {
                "mass": 10.0,
                "static_friction": 0.95,
                "dynamic_friction": 0.9,
                "restitution": 0.01
            },
            "body_scale": [
                1.0,
                0.9999999999999999,
                0.9999999999999999
            ],
            "body_type": "dynamic",
            "init_pos": [
                0.00237883895267417,
                0.003619623263377836,
                0.3241322129772306
            ],
            "init_rot": [
                131.0595967054012,
                -0.5408456205882278,
                -0.9485794437136701
            ]
        }
    ],
    "rigid_object": [
        {
            "uid": "apple_0",
            "shape": {
                "shape_type": "Mesh",
                "fpath": "mesh_assets/apple/apple_0/apple_0.glb",
                "compute_uv": false
            },
            "attrs": {
                "mass": 0.01,
                "contact_offset": 0.003,
                "rest_offset": 0.001,
                "restitution": 0.01,
                "max_depenetration_velocity": 10.0,
                "min_position_iters": 32,
                "min_velocity_iters": 8
            },
            "init_pos": [
                -0.08395248318729388,
                0.07265108542455856,
                0.6649410700967469
            ],
            "init_rot": [
                125.08492737084426,
                1.0374067602823311,
                -1.2144384437679425
            ],
            "body_scale": [
                1,
                1,
                1
            ],
            "max_convex_hull_num": 8
        },
        {
            "uid": "book_3",
            "shape": {
                "shape_type": "Mesh",
                "fpath": "mesh_assets/book/book_3/book_3.glb",
                "compute_uv": false
            },
            "attrs": {
                "mass": 0.01,
                "contact_offset": 0.003,
                "rest_offset": 0.001,
                "restitution": 0.01,
                "max_depenetration_velocity": 10.0,
                "min_position_iters": 32,
                "min_velocity_iters": 8
            },
            "init_pos": [
                0.32496826423346936,
                0.009061409182661961,
                0.6365947172077635
            ],
            "init_rot": [
                118.25698889958122,
                2.564185886002991,
                -1.449663917070915
            ],
            "body_scale": [
                1.0,
                0.9999999999999999,
                1.0
            ],
            "max_convex_hull_num": 8
        },
        {
            "uid": "mug_2",
            "shape": {
                "shape_type": "Mesh",
                "fpath": "mesh_assets/mug/mug_2/mug_2.glb",
                "compute_uv": false
            },
            "attrs": {
                "mass": 0.01,
                "contact_offset": 0.003,
                "rest_offset": 0.001,
                "restitution": 0.01,
                "max_depenetration_velocity": 10.0,
                "min_position_iters": 32,
                "min_velocity_iters": 8
            },
            "init_pos": [
                -0.4551257296007939,
                0.11792005193687038,
                0.6709597143541728
            ],
            "init_rot": [
                128.7027542588752,
                -3.068162900646729,
                2.2439660166022257
            ],
            "body_scale": [
                0.9999999999999999,
                0.9999999999999998,
                0.9999999999999998
            ],
            "max_convex_hull_num": 8
        }
    ]
}