{
    "observation.state": {
        "min": [
            1.547958493232727,
            -1.5960967540740967,
            1.532869815826416,
            -1.5993996858596802,
            -1.613178014755249,
            -3.1693692207336426
        ],
        "max": [
            1.597420573234558,
            -1.54493248462677,
            1.6219983100891113,
            -1.5297273397445679,
            -1.5427619218826294,
            -3.0939009189605713
        ],
        "mean": [
            1.574998642717089,
            -1.564555014882769,
            1.5739834478923254,
            -1.56330087355205,
            -1.5736613018172128,
            -3.1391469069889615
        ],
        "std": [
            0.017840358507342294,
            0.01466650864327298,
            0.023132410931365237,
            0.02309696996855507,
            0.018730186195408748,
            0.023941541098544204
        ],
        "count": [
            1400
        ],
        "q01": [
            1.5749983872686117,
            -1.5645548445837836,
            1.5739835330418182,
            -1.5633011630603242,
            -1.5736616339002336,
            -3.139147179467337
        ],
        "q10": [
            1.5749983872686155,
            -1.5645548445837796,
            1.573983533041822,
            -1.5633011630603204,
            -1.5736616339002294,
            -3.139147179467333
        ],
        "q50": [
            1.5749983872686315,
            -1.5645548445837636,
            1.573983533041838,
            -1.563301163060304,
            -1.5736616339002136,
            -3.139147179467318
        ],
        "q90": [
            1.5749983872686475,
            -1.5645548445837478,
            1.573983533041854,
            -1.5633011630602884,
            -1.5736616339001976,
            -3.139147179467302
        ],
        "q99": [
            1.5749983872686506,
            -1.564554844583745,
            1.5739835330418568,
            -1.5633011630602853,
            -1.5736616339001948,
            -3.1391471794672974
        ]
    },
    "timestamp": {
        "min": [
            0.0
        ],
        "max": [
            33.0
        ],
        "mean": [
            16.5
        ],
        "std": [
            9.622023349240703
        ],
        "count": [
            1400
        ],
        "q01": [
            -1e-10
        ],
        "q10": [
            3.0029999999182007
        ],
        "q50": [
            16.334999999999006
        ],
        "q90": [
            29.6670000000798
        ],
        "q99": [
            32.670000000098
        ]
    },
    "frame_index": {
        "min": [
            0
        ],
        "max": [
            99
        ],
        "mean": [
            49.5
        ],
        "std": [
            28.86607004772212
        ],
        "count": [
            1400
        ],
        "q01": [
            -1e-10
        ],
        "q10": [
            9.008999999918199
        ],
        "q50": [
            49.004999999998994
        ],
        "q90": [
            89.0010000000798
        ],
        "q99": [
            98.01000000009803
        ]
    },
    "action": {
        "min": [
            1.4734057188034058,
            -1.672876000404358,
            1.4726155996322632,
            -1.6705619096755981,
            -1.6707496643066406,
            -3.2415659427642822
        ],
        "max": [
            1.6732462644577026,
            -1.4731093645095825,
            1.6721718311309814,
            -1.4707961082458496,
            -1.471209168434143,
            -3.0418453216552734
        ],
        "mean": [
            1.5733346002442496,
            -1.575165867805481,
            1.5698833806174142,
            -1.5692709514072962,
            -1.573463567665645,
            -3.142952799797058
        ],
        "std": [
            0.05742880007485005,
            0.058075325582688,
            0.058581919012097104,
            0.058893504110969316,
            0.056540709068618175,
            0.056634600712582535
        ],
        "count": [
            1400
        ],
        "q01": [
            1.476272753206798,
            -1.670481988461903,
            1.4735120619046347,
            -1.66809446481078,
            -1.6696220552218302,
            -3.240040098017829
        ],
        "q10": [
            1.4934437803738936,
            -1.653401283283738,
            1.4912227339673625,
            -1.6507385469169844,
            -1.6512739777033012,
            -3.2204216128366365
        ],
        "q50": [
            1.5722506898422086,
            -1.5799428267946687,
            1.5658600816646455,
            -1.5693513280623799,
            -1.5752019617681448,
            -3.1453764829672823
        ],
        "q90": [
            1.6504989721779852,
            -1.494044182417207,
            1.6503840750602892,
            -1.488676808025711,
            -1.49485590473969,
            -3.0653251599216023
        ],
        "q99": [
            1.6683806506856298,
            -1.4760177081196324,
            1.6689043165474025,
            -1.4731311374528484,
            -1.4764512734860598,
            -3.044624333562187
        ]
    },
    "cam_high": {
        "min": [
            [
                [
                    0.0
                ]
            ],
            [
                [
                    0.09019607843137255
                ]
            ],
            [
                [
                    0.09019607843137255
                ]
            ]
        ],
        "max": [
            [
                [
                    0.9764705882352941
                ]
            ],
            [
                [
                    0.9568627450980393
                ]
            ],
            [
                [
                    0.9254901960784314
                ]
            ]
        ],
        "mean": [
            [
                [
                    0.25947312237394965
                ]
            ],
            [
                [
                    0.3033176952030812
                ]
            ],
            [
                [
                    0.33723408409197014
                ]
            ]
        ],
        "std": [
            [
                [
                    0.039662783651479766
                ]
            ],
            [
                [
                    0.04145941629220989
                ]
            ],
            [
                [
                    0.03927281956014793
                ]
            ]
        ],
        "count": [
            1400
        ],
        "q01": [
            [
                [
                    0.08712405686445672
                ]
            ],
            [
                [
                    0.1372329024218886
                ]
            ],
            [
                [
                    0.1641847505693233
                ]
            ]
        ],
        "q10": [
            [
                [
                    0.13586023537851455
                ]
            ],
            [
                [
                    0.18456794057841713
                ]
            ],
            [
                [
                    0.21737334572096897
                ]
            ]
        ],
        "q50": [
            [
                [
                    0.1918872071401377
                ]
            ],
            [
                [
                    0.24260835907250683
                ]
            ],
            [
                [
                    0.283494089282021
                ]
            ]
        ],
        "q90": [
            [
                [
                    0.591562770408393
                ]
            ],
            [
                [
                    0.6218204458091644
                ]
            ],
            [
                [
                    0.61121232078544
                ]
            ]
        ],